filepath,aardvark,antelope_duiker,badger,bat,bird,blank,cattle,cheetah,chimpanzee_bonobo,civet_genet,elephant,equid,forest_buffalo,fox,giraffe,gorilla,hare_rabbit,hippopotamus,hog,human,hyena,large_flightless_bird,leopard,lion,mongoose,monkey_prosimian,pangolin,porcupine,reptile,rodent,small_cat,wild_dog_jackal
/home/vilexender/example_vids/pigs.mp4,0.01671,0.10523,0.62426,0.03521,0.03292,0.06393,0.04348,0.00016,0.19332,0.5983,0.05371,0.1305,0.11457,0.00356,0.01094,0.12097,0.13552,0.06035,0.17596,0.06609,0.1342,0.00033,0.09881,0.00884,0.37617,0.20944,0.02924,0.04844,0.15202,0.01944,0.37891,0.13023
/home/vilexender/example_vids/sheeps_1.mp4,0.01671,0.10523,0.62426,0.03521,0.03292,0.06393,0.04348,0.00016,0.19332,0.5983,0.05371,0.1305,0.11457,0.00356,0.01094,0.12097,0.13552,0.06035,0.17596,0.06609,0.1342,0.00033,0.09881,0.00884,0.37617,0.20944,0.02924,0.04844,0.15202,0.01944,0.37891,0.13023
/home/vilexender/example_vids/cows.mp4,0.01671,0.10523,0.62426,0.03521,0.03292,0.06393,0.04348,0.00016,0.19332,0.5983,0.05371,0.1305,0.11457,0.00356,0.01094,0.12097,0.13552,0.06035,0.17596,0.06609,0.1342,0.00033,0.09881,0.00884,0.37617,0.20944,0.02924,0.04844,0.15202,0.01944,0.37891,0.13023
/home/vilexender/example_vids/chickens.mp4,0.01671,0.10523,0.62426,0.03521,0.03292,0.06393,0.04348,0.00016,0.19332,0.5983,0.05371,0.1305,0.11457,0.00356,0.01094,0.12097,0.13552,0.06035,0.17596,0.06609,0.1342,0.00033,0.09881,0.00884,0.37617,0.20944,0.02924,0.04844,0.15202,0.01944,0.37891,0.13023
